M;M;M;M;M;M;M;M;M;M;M;M;;M;M;M;M;M;M;M;M;M;M;M;M;M;M;M;M;M;M;M;M;M;M;M;M;M;M
M;E,1040,800,0;;M;;P;;;M;;;;;;M;;M;;;;;;;;;;;;;;;;;;;;;;M
M;;;;;;;;M;;;;;;M;;M;F;;;M;M;M;M;M;;;;;;;;;;;;;;M
M;;;;;M;;;M;M;;M;M;;;;M;;;C;;;;;M;C;;;C;;F;;;C;;;;;M
M;;;;;M;;;;;;;;;M;;;;;;;;F;;M;;;;;;;;;;;;;;M
M;;;;;M;;;;;;;M;;M;;;M;M;M;M;M;;;M;M;M;M;M;;;;;;;;C;;M
M;;;;;M;M;M;M;M;M;M;M;;M;M;;;;;;;M;;;;;M;;;;;;;;;;;M
M;T,2880,2880;;;;;;;;;;P;;;M;;;;H;;;;M;;;;;M;M;M;M;M;M;M;M;M;;;M
M;T,720,80;;;;M;;;;M;;;;;M;;;M;;;C;;M;;;M;;;;;;;;;;;;;M
M;;;F;;M;;;;M;;;F;;M;;;M;;;;;M;;;;;M;;M;M;M;M;;M;M;;;M
M;;;;;M;;M;M;M;M;M;;;M;M;M;M;;;;;M;;M;M;M;M;;M;;;;;;M;;;M
M;;;;;M;;;;;;M;;;M;;;M;M;M;M;M;M;;;;;;;M;;H;C;;;M;C;;M
M;;;;;M;M;M;M;M;M;M;H;;M;;;;;;;;M;;;;;;;M;F;;;;;M;;;M
M;;;;;;;;;;;;;;M;;;;F;;;;M;;;;F;;;M;;;;;;M;;;M
M;M;M;M;M;M;M;M;M;M;M;;M;M;M;;C;;;;;;M;;C;;;;F;M;M;M;M;M;M;M;M;M;M
M;;;;;;;;;;;;;;M;;;;;;;;M;;;;;;;;;;;M;;;;;M
M;;;;;;;;;;;;M;;M;M;M;M;;C;;;M;;;;P;;;;;;;M;;;C;;M
M;;;;;;;;;;F;;M;;;;;M;M;M;M;M;M;;M;M;M;M;;;;C;;M;;;;;M
M;;;;M;M;M;M;;;;;M;;;;;M;;;;;M;;M;M;;M;M;M;M;;;M;;;;;M
M;C;;;M;;;M;;;;M;M;M;;;;;C;;;;M;;;M;;;;;;;;;M;M;M;M;M
M;;;;M;;;M;M;M;M;M;;;;;;M;;;;;M;;;M;;H;;;;;;;;;;M;M
M;;;;M;;;;;;;M;;;M;;M;M;;;;M;M;;M;M;M;M;M;M;P;;;;;;;M;M
M;;;;M;;;;;;;M;;;;;M;M;;M;;M;;;M;M;;;;M;M;M;M;M;M;M;;M;M
M;;C;;M;C;;;;;;;M;;M;;M;M;;M;;M;;F;M;M;;;;M;P;;;;;M;C;M;M
M;;;;M;;;;;;;;M;;M;;M;M;;M;;;;;;M;;C;;M;;;;;;M;;M;M
M;;;;M;;M;M;M;M;M;;M;F;M;;;M;;M;;;;;;M;;;;;;;;;;M;;M;M
M;;;;M;;M;;;;M;;M;;M;;;;M;M;M;M;M;M;M;M;M;M;M;M;M;M;M;M;;M;;;M
M;;;;M;;M;;;T;M;;M;;M;;M;;;;;;;C;;M;;;;;;;;;;;;;M
M;;;;M;;;;;;M;H;M;;M;;M;;C;;;;;;;;;C;;M;M;M;M;;C;;;;M
M;;M;M;M;M;M;M;M;M;M;;M;;M;;C;;;M;M;M;M;M;M;M;M;;;M;M;M;M;;;;;;M
M;;;M;;;;;;M;;;M;;;;M;;;;;;;;;;;;;;;;;;M;M;M;M;M
M;;;M;;;;;;;;;M;;M;;M;;M;M;M;M;M;M;M;M;M;M;M;M;M;M;M;M;;;;;M
M;;M;M;;;;;;M;;M;M;C;M;;M;;;;;;P;;;M;;;;;;;M;;;;;;M
M;C;M;M;;;;;;;;;M;;M;M;M;;;;;;;;;;;;;M;M;M;M;;;;;;M
M;;M;M;M;M;M;M;M;M;;;M;;M;P;;;C;M;M;M;M;M;M;M;M;;F;M;M;M;M;;;;;;M
M;;M;M;;;;;;;;;M;;;;;;;;;;;;;;;;;;;;M;;M;M;M;M;M
M;;;;;;C;;;;;;M;;M;H;;;;M;M;M;M;M;M;M;M;;;M;M;M;M;;;;;E,160,160,2;M
M;;;;;;;;;;;;M;;M;;;;;;;;;;;;;H;;;;;;;M;M;M;M;M
M;M;M;M;M;M;M;M;M;M;M;M;M;M;M;M;M;M;M;M;M;M;M;M;M;M;M;M;M;M;M;M;M;M;M;M;M;M;M
